unix,elapsed_s,node,role,status,percent,online,total,retrying,cpu_pct,rss_mb
1783455606,30,0,master,Healthy,100,6,6,0,0.3,69
1783455606,30,1,master,Syncing,0,6,6,0,0.1,47
1783455606,30,2,master,Indexing,0,6,6,0,0.1,40
1783455606,30,3,viewer,Syncing,0,6,6,0,0.1,37
1783455606,30,4,viewer,Syncing,0,6,6,0,0.1,36
1783455606,30,5,viewer,Syncing,0,6,6,0,0.1,36
1783455638,60,0,master,Healthy,100,6,6,0,98.8,73
1783455638,60,1,master,Syncing,0,6,6,0,6.2,52
1783455638,60,2,master,Syncing,0,6,6,0,8.3,50
1783455638,60,3,viewer,Syncing,0,6,6,0,11.9,47
1783455638,60,4,viewer,Syncing,0,6,6,0,18.2,47
1783455638,60,5,viewer,Syncing,0,6,6,0,25.9,49
1783455668,92,0,master,Healthy,100,6,6,0,97.6,72
1783455672,92,1,master,Syncing,0,6,6,0,2.7,48
1783455672,92,2,master,Syncing,0,6,6,0,4.7,50
1783455672,92,3,viewer,Syncing,0,6,6,0,4.7,49
1783455674,92,4,viewer,Syncing,0,6,6,0,6.5,47
1783455674,92,5,viewer,Syncing,0,6,6,0,5.1,50
1783455704,127,0,master,Healthy,100,6,6,0,95.2,74
1783455705,127,1,master,Syncing,0,6,6,0,3.9,50
1783455705,127,2,master,Syncing,0,6,6,0,4.4,52
1783455705,127,3,viewer,Syncing,0,6,6,0,5.1,52
1783455705,127,4,viewer,Syncing,0,6,6,0,4.3,48
1783455705,127,5,viewer,Syncing,0,6,6,0,4.4,53
1783455735,159,0,master,Healthy,100,6,6,0,91.7,76
1783455735,159,1,master,Syncing,0,6,6,0,4.4,52
1783455735,159,2,master,Syncing,0,6,6,0,5.6,51
1783455744,159,3,viewer,Syncing,0,6,6,0,3.6,52
1783455744,159,4,viewer,Syncing,0,6,6,0,4.9,47
1783455744,159,5,viewer,Syncing,0,6,6,0,3.4,54
1783455774,198,0,master,Healthy,100,6,6,0,86.9,76
1783455774,198,1,master,Syncing,0,6,6,0,5.6,55
1783455774,198,2,master,Syncing,1,6,6,0,6.2,52
1783455774,198,3,viewer,Syncing,0,6,6,0,5.2,52
1783455774,198,4,viewer,Syncing,0,6,6,0,3.6,50
1783455774,198,5,viewer,Syncing,0,6,6,0,0.6,54
1783455805,228,0,master,Healthy,100,6,6,0,93.1,77
1783455805,228,1,master,Syncing,0,6,6,0,4.9,53
1783455806,228,2,master,Syncing,1,6,6,0,6.0,51
1783455815,228,3,viewer,Syncing,0,6,6,0,4.1,52
1783455815,228,4,viewer,Syncing,0,6,6,0,4.6,50
1783455815,228,5,viewer,Syncing,0,6,6,0,0.6,54
1783455847,268,0,master,Healthy,100,6,6,0,39.1,79
1783455847,268,1,master,Syncing,1,6,6,0,6.2,60
1783455847,268,2,master,Syncing,1,6,6,0,5.0,55
1783455847,268,3,viewer,Syncing,0,6,6,0,5.0,55
1783455847,268,4,viewer,Syncing,0,6,6,0,5.2,54
1783455847,268,5,viewer,Syncing,0,6,6,0,1.4,54
1783455877,301,0,master,Healthy,100,6,6,0,38.4,79
1783455877,301,1,master,Syncing,1,6,6,0,2.3,57
1783455884,301,2,master,Syncing,1,6,6,0,4.9,54
1783455884,301,3,viewer,Syncing,1,6,6,0,4.9,56
1783455884,301,4,viewer,Syncing,0,6,6,0,5.1,55
1783455884,301,5,viewer,Syncing,0,6,6,0,0.8,54
1783455915,338,0,master,Healthy,100,6,6,0,40.7,82
1783455915,338,1,master,Syncing,1,6,6,0,0.8,58
1783455939,338,3,viewer,Syncing,1,6,6,0,3.2,57
1783455939,338,4,viewer,Syncing,1,6,6,0,5.5,56
1783455939,338,5,viewer,Syncing,0,6,6,0,3.1,54
1783455969,393,0,master,Healthy,100,6,6,0,37.7,80
1783455969,393,1,master,Syncing,1,6,6,0,1.0,58
1783455969,393,2,master,Syncing,1,6,6,0,4.3,57
1783455970,393,3,viewer,Syncing,1,6,6,0,3.9,58
1783455975,393,4,viewer,Syncing,1,6,6,0,4.6,54
1783455975,393,5,viewer,Syncing,0,6,6,0,1.1,50
1783456006,429,0,master,Healthy,100,6,6,0,30.0,80
1783456006,429,1,master,Syncing,1,6,6,0,2.4,58
1783456006,429,2,master,Syncing,1,6,6,0,5.0,56
1783456006,429,3,viewer,Syncing,1,6,6,0,5.7,60
1783456006,429,4,viewer,Syncing,1,6,6,0,6.6,56
1783456006,429,5,viewer,Syncing,1,6,6,0,7.0,52
1783456036,459,0,master,Healthy,100,6,6,0,52.5,84
1783456036,459,1,master,Syncing,1,6,6,0,0.8,58
1783456036,459,2,master,Syncing,1,6,6,0,4.9,59
1783456036,459,3,viewer,Syncing,1,6,6,0,6.6,58
1783456036,459,4,viewer,Syncing,1,6,6,0,4.4,57
1783456036,459,5,viewer,Syncing,1,6,6,0,5.9,57
1783456066,489,0,master,Healthy,100,6,6,0,37.2,82
1783456066,489,1,master,Syncing,1,6,6,0,1.1,58
1783456066,489,2,master,Syncing,1,6,6,0,6.5,59
1783456073,489,3,viewer,Syncing,2,6,6,0,5.4,58
1783456073,489,4,viewer,Syncing,1,6,6,0,4.9,57
1783456073,489,5,viewer,Syncing,1,6,6,0,4.3,56
1783456106,527,0,master,Healthy,100,6,6,0,40.6,82
1783456106,527,1,master,Syncing,1,6,6,0,1.7,60
1783456112,527,2,master,Syncing,2,6,6,0,5.0,59
1783456112,527,3,viewer,Syncing,2,6,6,0,5.2,62
1783456112,527,4,viewer,Syncing,1,6,6,0,6.3,68
1783456112,527,5,viewer,Syncing,1,6,6,0,4.3,55
1783456144,566,0,master,Healthy,100,6,6,0,37.6,82
1783456144,566,1,master,Syncing,1,6,6,0,1.7,61
1783456144,566,2,master,Syncing,2,6,6,0,5.7,58
1783456144,566,3,viewer,Syncing,2,6,6,0,5.8,58
1783456144,566,4,viewer,Syncing,2,6,6,0,5.9,59
1783456144,566,5,viewer,Syncing,1,6,6,0,5.2,60
1783456174,598,0,master,Healthy,100,6,6,0,43.5,83
1783456174,598,1,master,Syncing,1,6,6,0,1.0,61
1783456177,598,2,master,Syncing,2,6,6,0,3.8,58
1783456177,598,3,viewer,Syncing,2,6,6,0,5.8,61
1783456177,598,4,viewer,Syncing,2,6,6,0,3.9,60
1783456177,598,5,viewer,Syncing,1,6,6,0,4.8,62
1783456208,631,0,master,Healthy,100,6,6,0,39.8,82
1783456208,631,1,master,Syncing,1,6,6,0,4.3,64
1783456208,631,2,master,Syncing,2,6,6,0,5.5,57
1783456208,631,3,viewer,Paused,0,6,6,0,6.7,61
1783456208,631,4,viewer,Syncing,2,6,6,0,5.3,59
1783456208,631,5,viewer,Syncing,2,6,6,0,8.3,58
1783456238,662,0,master,Healthy,100,6,6,0,42.4,83
1783456245,662,1,master,Syncing,1,6,6,0,7.7,56
1783456248,662,2,master,Syncing,2,6,6,0,6.0,61
1783456248,662,3,viewer,Paused,0,6,6,0,6.3,59
1783456248,662,4,viewer,Syncing,3,6,6,0,8.1,60
1783456248,662,5,viewer,Syncing,2,6,6,0,5.1,65
1783456279,702,0,master,Healthy,100,6,6,0,40.9,84
1783456279,702,1,master,Syncing,1,6,6,0,6.2,59
1783456279,702,2,master,Syncing,2,6,6,0,7.1,61
1783456279,702,3,viewer,Paused,0,6,6,0,2.9,61
1783456280,702,4,viewer,Syncing,3,6,6,0,10.3,59
1783456281,702,5,viewer,Syncing,2,6,6,0,7.8,61
1783456312,735,0,master,Healthy,100,6,6,0,40.4,82
1783456314,735,1,master,Syncing,2,6,6,0,4.9,60
1783456315,735,2,master,Syncing,2,6,6,0,6.7,60
1783456315,735,3,viewer,Paused,0,6,6,0,1.9,60
1783456315,735,4,viewer,Syncing,3,6,6,0,6.7,63
1783456316,735,5,viewer,Syncing,3,6,6,0,8.7,61
1783456347,770,0,master,Healthy,100,6,6,0,41.8,83
1783456347,770,1,master,Syncing,2,6,6,0,7.9,64
1783456347,770,2,master,Syncing,3,6,6,0,6.2,60
1783456347,770,3,viewer,Paused,0,6,6,0,2.7,59
1783456347,770,4,viewer,Syncing,3,6,6,0,5.4,61
1783456347,770,5,viewer,Syncing,3,6,6,0,5.1,62
1783456397,800,1,master,Syncing,2,6,6,0,6.6,59
1783456398,800,2,master,Syncing,3,6,6,0,6.3,65
1783456398,800,3,viewer,Paused,0,6,6,0,2.3,59
1783456398,800,4,viewer,Syncing,4,6,6,0,6.5,70
1783456398,800,5,viewer,Syncing,3,6,6,0,30.0,63
1783456429,852,0,master,Healthy,100,6,6,0,56.5,81
1783456429,852,1,master,Syncing,2,6,6,0,4.8,60
1783456444,852,3,viewer,Paused,0,6,6,0,1.0,60
1783456446,852,4,viewer,Syncing,4,6,6,0,6.6,61
1783456448,852,5,viewer,Syncing,6,5,6,0,14.5,67
1783456485,902,0,master,Healthy,100,6,6,0,36.5,82
1783456495,902,1,master,Syncing,3,6,6,0,3.8,60
1783456505,902,2,master,Syncing,4,6,6,0,4.7,66
1783456505,902,3,viewer,Paused,0,6,6,0,0.9,60
1783456505,902,4,viewer,Syncing,4,6,6,0,5.0,70
1783456505,902,5,viewer,Syncing,6,6,6,0,8.1,65
1783456537,959,0,master,Healthy,100,6,6,0,9.3,83
1783456537,959,1,master,Syncing,3,6,6,0,4.0,62
1783456537,959,2,master,Syncing,4,6,6,0,3.7,64
1783456537,959,3,viewer,Paused,0,6,6,0,1.3,60
1783456537,959,4,viewer,Syncing,4,6,6,0,2.5,68
1783456537,959,5,viewer,Syncing,6,6,6,0,3.6,63
1783456568,991,0,master,Healthy,100,6,6,0,3.5,84
1783456569,991,1,master,Syncing,3,6,6,0,6.8,60
1783456569,991,2,master,Syncing,4,6,6,0,4.7,67
1783456569,991,3,viewer,Paused,0,6,6,0,0.9,60
1783456569,991,4,viewer,Syncing,4,6,6,0,2.4,67
1783456569,991,5,viewer,Syncing,6,6,6,0,2.5,63
1783456599,1023,0,master,Healthy,100,6,6,0,9.0,86
1783456599,1023,1,master,Syncing,3,6,6,0,5.6,65
1783456599,1023,2,master,Syncing,4,6,6,0,6.4,73
1783456599,1023,3,viewer,Paused,0,6,6,0,3.5,58
1783456599,1023,4,viewer,Syncing,4,6,6,0,4.4,70
1783456613,1023,5,viewer,Syncing,9,6,6,0,5.3,61
1783456647,1067,0,master,Healthy,100,2,6,0,19.3,84
1783456651,1067,1,master,Syncing,4,5,6,0,2.2,61
1783456651,1067,2,master,Syncing,5,5,6,0,2.5,65
1783456651,1067,3,viewer,Paused,0,5,6,0,1.0,58
1783456651,1067,4,viewer,Syncing,5,6,6,0,0.7,66
1783456652,1067,5,viewer,Syncing,9,5,6,0,13.6,63
1783456682,1105,0,master,Healthy,100,6,6,0,2.3,83
1783456682,1105,1,master,Syncing,4,6,6,0,5.0,66
1783456682,1105,2,master,Syncing,5,6,6,0,5.1,68
1783456682,1105,3,viewer,Paused,0,6,6,0,0.7,59
1783456683,1105,4,viewer,Syncing,6,6,6,0,22.8,65
1783456685,1105,5,viewer,Syncing,12,6,6,0,25.5,61
1783456717,1138,0,master,Healthy,100,6,6,0,4.3,84
1783456717,1138,1,master,Syncing,4,6,6,0,5.1,69
1783456717,1138,2,master,Syncing,5,6,6,0,4.2,65
1783456717,1138,3,viewer,Paused,0,6,6,0,1.3,59
1783456718,1138,4,viewer,Syncing,11,6,6,0,26.1,64
1783456718,1138,5,viewer,Syncing,12,6,6,0,33.4,64
1783456748,1172,0,master,Healthy,100,6,6,0,24.4,85
1783456748,1172,1,master,Syncing,4,6,6,0,6.1,71
1783456763,1172,3,viewer,Paused,0,5,6,0,1.4,59
1783456763,1172,4,viewer,Syncing,12,5,6,0,18.1,67
1783456763,1172,5,viewer,Syncing,13,5,6,0,6.3,62
1783456796,1217,0,master,Healthy,100,6,6,0,8.9,86
1783456798,1217,1,master,Syncing,5,6,6,0,6.9,64
1783456798,1217,2,master,Syncing,5,6,6,0,4.4,66
1783456798,1217,3,viewer,Paused,0,6,6,0,2.5,60
1783456798,1217,4,viewer,Syncing,13,6,6,0,6.3,67
1783456805,1217,5,viewer,Syncing,13,6,6,0,5.7,62
1783456837,1259,0,master,Healthy,100,6,6,0,15.4,86
1783456837,1259,1,master,Syncing,5,6,6,0,6.1,67
1783456852,1259,3,viewer,Paused,0,5,6,0,1.8,60
1783456852,1259,4,viewer,Syncing,13,5,6,0,20.4,72
1783456852,1259,5,viewer,Syncing,13,5,6,0,21.9,63
1783456882,1306,0,master,Healthy,100,5,6,0,4.5,87
1783456882,1306,1,master,Syncing,5,5,6,0,6.3,68
1783456886,1306,2,master,Syncing,5,6,6,0,3.5,64
1783456886,1306,3,viewer,Paused,0,5,6,0,1.1,60
1783456886,1306,4,viewer,Syncing,13,6,6,0,3.9,66
1783456886,1306,5,viewer,Syncing,13,6,6,0,10.8,71
1783456916,1340,0,master,Healthy,100,6,6,0,7.1,88
1783456940,1340,2,master,Syncing,5,4,6,0,4.3,82
1783456940,1340,3,viewer,Paused,0,3,6,0,0.9,60
1783456944,1340,4,viewer,Syncing,13,5,6,0,35.2,64
1783456944,1340,5,viewer,Syncing,16,5,6,0,40.6,68
1783456975,1398,0,master,Healthy,100,5,6,0,6.2,89
1783456981,1398,1,master,Syncing,6,6,6,0,2.4,62
1783456981,1398,2,master,Syncing,5,5,6,0,6.8,67
1783456981,1398,3,viewer,Paused,0,6,6,0,2.0,60
1783456981,1398,4,viewer,Syncing,13,6,6,0,12.8,72
1783456981,1398,5,viewer,Syncing,16,6,6,0,8.5,65
1783457012,1435,0,master,Healthy,100,6,6,0,12.4,84
1783457012,1435,1,master,Syncing,6,6,6,0,8.3,70
1783457012,1435,2,master,Syncing,6,6,6,0,6.3,70
1783457012,1435,3,viewer,Paused,0,6,6,0,3.4,61
1783457012,1435,4,viewer,Syncing,18,6,6,0,10.1,71
1783457058,1481,0,master,Healthy,100,6,6,0,10.1,85
1783457059,1481,1,master,Syncing,6,6,6,0,7.6,71
1783457074,1481,3,viewer,Paused,0,6,6,0,1.9,62
1783457074,1481,4,viewer,Syncing,18,6,6,0,8.2,63
1783457074,1481,5,viewer,Syncing,17,6,6,0,4.4,71
1783457104,1527,0,master,Healthy,100,5,6,0,29.9,85
1783457134,1527,3,viewer,Paused,0,4,6,0,1.3,62
1783457134,1527,4,viewer,Syncing,18,4,6,0,6.3,62
1783457134,1527,5,viewer,Syncing,17,4,6,0,4.2,66
1783457164,1588,0,master,Healthy,100,6,6,0,23.7,86
1783457170,1588,1,master,Syncing,7,6,6,0,15.8,67
1783457171,1588,2,master,Syncing,7,6,6,0,3.5,68
1783457171,1588,3,viewer,Paused,0,6,6,0,2.4,62
1783457171,1588,4,viewer,Syncing,18,6,6,0,5.9,65
1783457171,1588,5,viewer,Syncing,17,6,6,0,5.9,68
1783457203,1624,0,master,Healthy,100,6,6,0,5.8,86
1783457203,1624,1,master,Syncing,7,6,6,0,6.7,67
1783457204,1624,2,master,Syncing,7,6,6,0,7.6,66
1783457204,1624,3,viewer,Paused,0,6,6,0,1.3,62
1783457204,1624,4,viewer,Syncing,19,6,6,0,9.6,68
1783457204,1624,5,viewer,Syncing,18,6,6,0,4.4,63
1783457234,1657,0,master,Healthy,100,6,6,0,34.2,87
1783457236,1657,1,master,Syncing,7,6,6,0,28.0,78
1783457236,1657,2,master,Syncing,7,6,6,0,5.6,71
1783457236,1657,3,viewer,Paused,0,6,6,0,0.9,62
1783457236,1657,4,viewer,Syncing,19,6,6,0,2.7,69
1783457236,1657,5,viewer,Syncing,18,6,6,0,7.3,71
1783457266,1689,0,master,Healthy,100,6,6,0,35.4,87
1783457266,1689,1,master,Syncing,7,6,6,0,26.9,72
1783457266,1689,2,master,Syncing,8,6,6,0,7.6,74
1783457266,1689,3,viewer,Paused,0,6,6,0,1.3,62
1783457266,1689,4,viewer,Syncing,19,6,6,0,8.4,73
1783457311,1734,0,master,Healthy,100,6,6,0,4.0,87
1783457326,1734,2,master,Syncing,8,5,6,0,4.1,74
1783457326,1734,3,viewer,Paused,0,5,6,0,0.9,62
1783457326,1734,4,viewer,Syncing,19,5,6,0,5.3,67
1783457326,1734,5,viewer,Syncing,18,5,6,0,3.5,68
1783457357,1780,0,master,Healthy,100,5,6,0,4.1,87
1783457372,1780,2,master,Syncing,8,5,6,0,4.9,71
1783457372,1780,3,viewer,Paused,0,5,6,0,1.4,62
1783457372,1780,4,viewer,Syncing,19,5,6,0,3.2,70
1783457372,1780,5,viewer,Syncing,19,5,6,0,4.8,66
1783457408,1826,0,master,Healthy,100,6,6,0,7.8,87
1783457409,1826,1,master,Syncing,20,6,6,0,2.5,73
1783457409,1826,2,master,Syncing,8,6,6,0,4.7,74
1783457409,1826,3,viewer,Paused,0,6,6,0,1.5,62
1783457409,1826,4,viewer,Syncing,19,6,6,0,4.9,73
1783457409,1826,5,viewer,Syncing,19,6,6,0,4.9,69
1783457439,1862,0,master,Healthy,100,6,6,0,6.4,87
1783457439,1862,1,master,Syncing,20,6,6,0,4.2,69
1783457439,1862,2,master,Syncing,8,6,6,0,6.6,72
1783457439,1862,3,viewer,Paused,0,6,6,0,1.3,62
1783457439,1862,4,viewer,Syncing,19,6,6,0,4.2,73
1783457439,1862,5,viewer,Syncing,19,6,6,0,6.5,71
1783457469,1893,0,master,Healthy,100,6,6,0,4.5,87
1783457484,1893,2,master,Syncing,9,5,6,0,6.1,70
1783457484,1893,3,viewer,Paused,0,5,6,0,1.1,62
1783457484,1893,4,viewer,Syncing,20,5,6,0,5.3,66
1783457484,1893,5,viewer,Syncing,19,5,6,0,3.5,66
1783457517,1938,0,master,Healthy,100,6,6,0,7.2,81
1783457519,1938,1,master,Syncing,21,6,6,0,4.7,79
1783457525,1938,2,master,Syncing,9,5,6,0,7.2,81
1783457525,1938,3,viewer,Paused,0,5,6,0,2.6,62
1783457526,1938,4,viewer,Syncing,20,5,6,0,10.9,83
1783457535,1938,5,viewer,Syncing,20,6,6,0,8.6,74
1783457565,1989,0,master,Healthy,100,6,6,0,2.9,82
1783457565,1989,1,master,Syncing,21,6,6,0,4.6,70
1783457565,1989,2,master,Syncing,9,6,6,0,4.6,79
1783457565,1989,3,viewer,Paused,0,6,6,0,1.9,62
1783457571,1989,4,viewer,Syncing,20,6,6,0,5.1,68
1783457571,1989,5,viewer,Syncing,20,6,6,0,3.9,69
1783457601,2025,0,master,Healthy,100,5,6,0,6.5,83
1783457601,2025,1,master,Syncing,21,5,6,0,7.4,71
1783457601,2025,2,master,Syncing,9,5,6,0,6.1,70
1783457601,2025,3,viewer,Paused,0,5,6,0,1.1,62
1783457601,2025,4,viewer,Syncing,20,5,6,0,6.3,70
1783457602,2025,5,viewer,Syncing,20,6,6,0,5.7,65
1783457632,2056,0,master,Healthy,100,4,6,0,11.2,83
1783457634,2056,1,master,Syncing,21,6,6,0,6.0,69
1783457634,2056,2,master,Syncing,10,6,6,0,6.1,73
1783457634,2056,3,viewer,Paused,0,6,6,0,1.4,62
1783457636,2056,4,viewer,Syncing,21,6,6,0,8.9,68
1783457636,2056,5,viewer,Syncing,20,6,6,0,8.1,68
1783457667,2090,0,master,Healthy,100,6,6,0,12.1,83
1783457667,2090,1,master,Syncing,21,6,6,0,9.4,74
1783457667,2090,2,master,Syncing,10,6,6,0,6.3,79
1783457667,2090,3,viewer,Paused,0,6,6,0,1.5,63
1783457667,2090,4,viewer,Syncing,21,6,6,0,7.0,70
1783457667,2090,5,viewer,Syncing,20,6,6,0,7.6,76
1783457697,2120,0,master,Healthy,100,6,6,0,5.9,83
1783457697,2120,1,master,Syncing,21,6,6,0,2.4,69
1783457697,2120,2,master,Syncing,10,6,6,0,1.9,79
1783457697,2120,3,viewer,Paused,0,6,6,0,1.3,63
1783457697,2120,4,viewer,Syncing,21,6,6,0,2.2,70
1783457697,2120,5,viewer,Syncing,21,6,6,0,3.2,70
1783457727,2151,0,master,Healthy,100,6,6,0,4.3,83
1783457738,2151,1,master,Syncing,22,6,6,0,5.0,70
1783457738,2151,2,master,Syncing,10,5,6,0,4.8,77
1783457738,2151,3,viewer,Paused,0,5,6,0,0.8,63
1783457744,2151,4,viewer,Syncing,21,6,6,0,7.6,71
1783457751,2151,5,viewer,Syncing,21,6,6,0,4.3,73
1783457781,2204,0,master,Healthy,100,6,6,0,5.4,84
1783457794,2204,1,master,Syncing,22,6,6,0,4.9,68
1783457809,2204,3,viewer,Paused,0,5,6,0,1.7,63
1783457809,2204,4,viewer,Syncing,21,5,6,0,7.2,69
1783457855,2278,0,master,Healthy,100,6,6,0,6.9,84
1783457855,2278,1,master,Syncing,22,6,6,0,7.0,75
1783457855,2278,2,master,Syncing,10,6,6,0,3.7,67
1783457855,2278,3,viewer,Paused,0,6,6,0,1.1,63
1783457855,2278,4,viewer,Syncing,22,6,6,0,8.4,76
1783457855,2278,5,viewer,Syncing,21,6,6,0,5.7,75
1783457887,2309,0,master,Healthy,100,6,6,0,5.2,84
1783457887,2309,1,master,Syncing,22,6,6,0,3.5,75
1783457887,2309,2,master,Syncing,10,6,6,0,8.1,76
1783457887,2309,3,viewer,Paused,0,6,6,0,1.9,63
1783457887,2309,4,viewer,Syncing,22,6,6,0,9.8,72
1783457933,2356,0,master,Healthy,100,5,6,0,2.5,84
1783457933,2356,1,master,Syncing,22,5,6,0,5.1,74
1783457948,2356,3,viewer,Paused,0,5,6,0,1.6,63
1783457956,2356,4,viewer,Syncing,23,5,6,0,5.4,72
1783457956,2356,5,viewer,Syncing,22,4,6,0,7.1,72
1783457987,2410,0,master,Healthy,100,6,6,0,5.9,84
1783457987,2410,1,master,Syncing,23,6,6,0,6.9,80
1783457987,2410,2,master,Syncing,11,6,6,0,6.0,80
1783457987,2410,3,viewer,Paused,0,6,6,0,2.2,63
1783457987,2410,4,viewer,Syncing,23,6,6,0,6.6,71
1783458033,2456,0,master,Healthy,100,6,6,0,4.1,84
1783458033,2456,1,master,Syncing,23,6,6,0,4.2,75
1783458033,2456,2,master,Syncing,11,6,6,0,4.1,78
1783458033,2456,3,viewer,Paused,0,6,6,0,2.2,62
1783458033,2456,4,viewer,Syncing,23,6,6,0,4.2,71
1783458033,2456,5,viewer,Syncing,22,6,6,0,3.0,74
1783458063,2486,0,master,Healthy,100,6,6,0,1.9,85
1783458064,2486,1,master,Syncing,23,6,6,0,6.9,72
1783458075,2486,2,master,Syncing,12,6,6,0,4.9,79
1783458075,2486,3,viewer,Paused,0,6,6,0,2.2,62
1783458075,2486,4,viewer,Syncing,23,6,6,0,5.6,67
1783458121,2544,0,master,Healthy,100,6,6,0,6.0,86
1783458121,2544,1,master,Syncing,24,6,6,0,8.0,76
1783458132,2544,2,master,Syncing,12,6,6,0,3.6,80
1783458132,2544,3,viewer,Paused,0,5,6,0,2.4,62
1783458132,2544,4,viewer,Syncing,23,5,6,0,7.4,69
1783458132,2544,5,viewer,Syncing,23,5,6,0,8.0,76
1783458165,2586,0,master,Healthy,100,6,6,0,3.3,87
1783458165,2586,1,master,Syncing,24,6,6,0,8.8,81
1783458165,2586,2,master,Syncing,12,6,6,0,7.4,86
1783458165,2586,3,viewer,Paused,0,6,6,0,1.7,62
1783458165,2586,4,viewer,Syncing,23,6,6,0,6.7,74
1783458165,2586,5,viewer,Syncing,23,6,6,0,8.5,80
1783458195,2619,0,master,Healthy,100,6,6,0,3.3,87
1783458204,2619,1,master,Syncing,24,6,6,0,4.9,74
1783458205,2619,2,master,Syncing,12,6,6,0,4.1,73
1783458205,2619,3,viewer,Paused,0,6,6,0,1.1,62
1783458205,2619,4,viewer,Syncing,23,6,6,0,4.7,74
1783458205,2619,5,viewer,Syncing,23,6,6,0,5.4,73
1783458237,2659,0,master,Healthy,100,5,6,0,2.3,87
1783458238,2659,1,master,Syncing,24,5,6,0,6.1,82
1783458238,2659,2,master,Syncing,12,5,6,0,3.8,79
1783458238,2659,3,viewer,Paused,0,5,6,0,0.4,62
1783458248,2659,4,viewer,Syncing,24,6,6,0,5.2,70
1783458248,2659,5,viewer,Syncing,23,6,6,0,6.0,82
1783458280,2702,0,master,Healthy,100,6,6,0,3.0,87
1783458296,2702,2,master,Syncing,12,5,6,0,4.0,81
1783458296,2702,3,viewer,Syncing,3,5,6,0,1.2,63
1783458296,2702,4,viewer,Syncing,24,5,6,0,3.5,74
1783458296,2702,5,viewer,Syncing,23,5,6,0,3.7,82
1783458332,2751,0,master,Healthy,100,6,6,0,3.8,87
1783458334,2751,1,master,Syncing,25,6,6,0,1.9,82
1783458334,2751,2,master,Syncing,12,6,6,0,1.9,82
1783458336,2751,3,viewer,Syncing,3,6,6,0,2.7,62
1783458336,2751,4,viewer,Syncing,24,6,6,0,5.4,79
1783458336,2751,5,viewer,Syncing,23,6,6,0,4.0,77
1783458369,2790,0,master,Healthy,100,6,6,0,1.4,87
1783458373,2790,1,master,Syncing,25,6,6,0,3.8,86
1783458374,2790,2,master,Syncing,12,6,6,0,1.9,82
1783458374,2790,3,viewer,Syncing,3,6,6,0,2.3,60
1783458374,2790,4,viewer,Syncing,24,6,6,0,5.3,80
1783458374,2790,5,viewer,Syncing,23,6,6,0,3.5,83
1783458405,2828,0,master,Healthy,100,6,6,0,2.7,87
1783458440,2828,3,viewer,Syncing,3,4,6,0,3.0,65
1783458440,2828,4,viewer,Syncing,24,4,6,0,4.1,80
1783458514,2933,0,master,Healthy,100,6,6,0,3.6,86
1783458516,2933,1,master,Syncing,25,6,6,0,4.3,88
1783458521,2933,2,master,Syncing,12,6,6,0,2.8,91
1783458523,2933,3,viewer,Syncing,3,6,6,0,3.5,64
1783458523,2933,4,viewer,Syncing,24,6,6,0,4.4,81
1783458523,2933,5,viewer,Syncing,24,6,6,0,2.8,81
1783458553,2977,0,master,Healthy,100,6,6,0,2.6,86
1783458556,2977,1,master,Syncing,25,6,6,0,7.4,91
1783458560,2977,2,master,Syncing,12,6,6,0,5.6,96
1783458560,2977,3,viewer,Syncing,3,6,6,0,3.4,79
1783458560,2977,4,viewer,Syncing,24,6,6,0,3.6,80
1783458560,2977,5,viewer,Syncing,24,6,6,0,5.5,84
1783458600,3014,0,master,Healthy,100,5,6,0,1.3,86
1783458618,3014,2,master,Syncing,12,4,6,0,4.5,96
1783458633,3014,4,viewer,Syncing,24,4,6,0,2.7,80
1783458642,3014,5,viewer,Syncing,24,4,6,0,4.7,84
1783458721,3103,2,master,Syncing,12,3,6,0,1.9,96
1783458746,3103,4,viewer,Syncing,24,2,6,0,1.1,80
1783458808,3220,0,master,Healthy,100,4,6,0,0.5,86
1783458808,3220,1,master,Syncing,25,5,6,0,1.3,80
1783458809,3220,2,master,Syncing,12,5,6,0,1.0,96
1783458824,3220,4,viewer,Syncing,24,5,6,0,1.1,80
1783458825,3220,5,viewer,Syncing,24,5,6,0,1.1,77
1783458860,3280,0,master,Healthy,100,5,6,0,0.8,86
1783458879,3280,2,master,Syncing,12,6,6,0,1.8,96
1783458879,3280,3,viewer,Syncing,4,6,6,0,1.3,64
1783458879,3280,4,viewer,Syncing,24,6,6,0,1.6,80
1783458879,3280,5,viewer,Syncing,24,6,6,0,2.5,77
1783458916,3333,0,master,Healthy,100,6,6,0,1.3,86
1783458919,3333,1,master,Syncing,25,6,6,0,2.2,94
1783458931,3333,2,master,Syncing,12,6,6,0,1.7,96
1783458933,3333,3,viewer,Syncing,4,6,6,0,1.8,69
1783458933,3333,4,viewer,Syncing,24,6,6,0,1.6,80
1783458933,3333,5,viewer,Syncing,24,6,6,0,1.8,78
1783458967,3387,0,master,Healthy,100,5,6,0,0.9,86
1783458979,3387,1,master,Syncing,25,5,6,0,2.3,95
1783458980,3387,2,master,Syncing,12,5,6,0,1.8,96
1783458980,3387,3,viewer,Syncing,4,5,6,0,1.5,65
1783458980,3387,4,viewer,Syncing,24,5,6,0,1.5,80
1783459030,3451,0,master,Healthy,100,5,6,0,1.7,86
1783459038,3451,1,master,Syncing,25,5,6,0,5.1,87
1783459053,3451,3,viewer,Syncing,4,3,6,0,3.6,61
1783459056,3451,4,viewer,Syncing,24,4,6,0,3.0,80
1783459104,3527,0,master,Healthy,100,5,6,0,1.0,86
1783459105,3527,1,master,Syncing,25,5,6,0,2.5,74
1783459106,3527,2,master,Syncing,12,5,6,0,1.4,96
1783459106,3527,3,viewer,Syncing,4,5,6,0,0.9,62
1783459106,3527,4,viewer,Syncing,24,5,6,0,1.9,80
1783459161,3576,0,master,Healthy,100,5,6,0,0.9,86
1783459161,3576,1,master,Syncing,25,5,6,0,1.8,74
1783459162,3576,2,master,Syncing,12,5,6,0,1.8,94
1783459162,3576,3,viewer,Syncing,4,5,6,0,1.1,66
1783459162,3576,4,viewer,Syncing,24,5,6,0,1.6,80
1783459209,3631,0,master,Healthy,100,5,6,0,0.8,86
1783459211,3631,1,master,Syncing,25,5,6,0,1.6,75
1783459212,3631,2,master,Syncing,12,5,6,0,2.6,78
1783459212,3631,3,viewer,Syncing,4,5,6,0,3.0,69
1783459212,3631,4,viewer,Syncing,24,6,6,0,1.8,80
1783459212,3631,5,viewer,Syncing,25,6,6,0,0.6,79
1783459252,3666,0,master,Healthy,100,6,6,0,0.5,86
1783459253,3666,1,master,Syncing,25,6,6,0,2.0,75
1783459259,3666,2,master,Syncing,12,6,6,0,1.0,78
1783459260,3666,3,viewer,Syncing,4,6,6,0,1.1,70
1783459260,3666,4,viewer,Syncing,24,6,6,0,1.5,80
1783459260,3666,5,viewer,Syncing,25,6,6,0,1.3,81
1783459305,3714,0,master,Healthy,100,6,6,0,0.8,86
1783459306,3714,1,master,Syncing,25,6,6,0,1.9,82
1783459312,3714,2,master,Syncing,12,6,6,0,2.2,78
1783459313,3714,3,viewer,Syncing,4,6,6,0,1.0,70
1783459314,3714,4,viewer,Syncing,24,6,6,0,2.7,79
1783459314,3714,5,viewer,Syncing,25,6,6,0,3.4,82
1783459357,3768,0,master,Healthy,100,5,6,0,0.4,86
1783459361,3768,1,master,Syncing,25,5,6,0,1.4,82
1783459376,3768,3,viewer,Syncing,4,5,6,0,0.8,71
1783459376,3768,4,viewer,Syncing,24,5,6,0,1.3,79
1783459376,3768,5,viewer,Syncing,25,5,6,0,1.8,82
1783459406,3830,0,master,Healthy,100,6,6,0,1.3,86
1783459422,3830,2,master,Syncing,13,5,6,0,1.7,77
1783459422,3830,3,viewer,Syncing,4,5,6,0,2.0,68
1783459437,3830,5,viewer,Syncing,25,5,6,0,3.6,82
1783459470,3891,0,master,Healthy,100,6,6,0,1.8,86
1783459475,3891,1,master,Syncing,26,6,6,0,4.5,86
1783459476,3891,2,master,Syncing,13,6,6,0,3.3,78
1783459476,3891,3,viewer,Syncing,4,6,6,0,2.2,69
1783459476,3891,4,viewer,Syncing,25,6,6,0,3.2,76
1783459476,3891,5,viewer,Syncing,25,6,6,0,4.4,74
1783459510,3930,0,master,Healthy,100,5,6,0,1.6,86
1783459515,3930,1,master,Syncing,26,5,6,0,2.0,87
1783459519,3930,2,master,Syncing,13,5,6,0,3.4,85
1783459519,3930,3,viewer,Syncing,4,5,6,0,1.0,70
1783459519,3930,4,viewer,Syncing,25,5,6,0,2.6,80
1783459578,3988,0,master,Healthy,100,4,6,0,1.0,86
1783459580,3988,1,master,Syncing,26,4,6,0,4.2,88
1783459586,3988,2,master,Syncing,13,5,6,0,3.0,86
1783459586,3988,3,viewer,Syncing,4,5,6,0,1.6,64
1783459586,3988,4,viewer,Syncing,25,5,6,0,4.5,77
1783459635,4054,0,master,Healthy,100,4,6,0,1.2,86
1783459635,4054,1,master,Syncing,26,4,6,0,4.4,89
1783459636,4054,2,master,Syncing,13,4,6,0,4.0,87
1783459666,4054,5,viewer,Syncing,25,3,6,0,1.5,76
1783459696,4119,0,master,Healthy,100,5,6,0,1.6,82
1783459711,4119,2,master,Syncing,13,5,6,0,4.3,89
1783459711,4119,3,viewer,Syncing,5,5,6,0,1.0,67
1783459711,4119,4,viewer,Syncing,26,5,6,0,3.3,81
1783459711,4119,5,viewer,Syncing,25,5,6,0,3.3,78
1783459746,4165,0,master,Healthy,100,5,6,0,1.6,82
1783459763,4165,2,master,Syncing,13,5,6,0,2.3,90
1783459763,4165,3,viewer,Syncing,5,5,6,0,2.4,76
1783459763,4165,4,viewer,Syncing,26,5,6,0,4.2,82
1783459763,4165,5,viewer,Syncing,25,5,6,0,2.4,80
1783459802,4217,0,master,Healthy,100,5,6,0,1.8,82
1783459802,4217,1,master,Syncing,27,6,6,0,1.5,76
1783459807,4217,2,master,Syncing,13,5,6,0,2.6,92
1783459809,4217,3,viewer,Syncing,5,5,6,0,3.5,67
1783459809,4217,4,viewer,Syncing,26,6,6,0,4.5,81
1783459809,4217,5,viewer,Syncing,25,5,6,0,4.8,80
1783459852,4265,0,master,Healthy,100,6,6,0,1.1,83
1783459858,4265,1,master,Syncing,27,6,6,0,2.4,82
1783459866,4265,2,master,Syncing,13,6,6,0,3.5,93
1783459866,4265,3,viewer,Syncing,5,6,6,0,2.4,69
1783459866,4265,4,viewer,Syncing,26,6,6,0,5.1,90
1783459866,4265,5,viewer,Syncing,25,6,6,0,2.1,88
1783459903,4320,0,master,Healthy,100,5,6,0,0.7,83
1783459905,4320,1,master,Syncing,27,6,6,0,1.7,82
1783459910,4320,2,master,Syncing,13,6,6,0,2.3,93
1783459910,4320,3,viewer,Syncing,5,6,6,0,1.6,77
1783459910,4320,4,viewer,Syncing,26,6,6,0,4.8,90
1783459910,4320,5,viewer,Syncing,25,6,6,0,3.8,88
1783459946,4364,0,master,Healthy,100,6,6,0,0.8,83
1783459947,4364,1,master,Syncing,27,6,6,0,4.1,84
1783459948,4364,2,master,Syncing,13,6,6,0,2.3,93
1783459948,4364,3,viewer,Syncing,5,6,6,0,3.3,71
1783459948,4364,4,viewer,Syncing,26,6,6,0,3.2,90
1783459948,4364,5,viewer,Syncing,25,6,6,0,2.6,88
1783459987,4402,0,master,Healthy,100,6,6,0,0.9,83
1783459993,4402,1,master,Syncing,27,6,6,0,7.1,92
1783459994,4402,2,master,Syncing,13,6,6,0,3.1,93
1783459994,4402,3,viewer,Syncing,5,6,6,0,2.5,69
1783459994,4402,4,viewer,Syncing,26,6,6,0,3.3,81
1783459994,4402,5,viewer,Syncing,25,6,6,0,4.8,88
1783460025,4448,0,master,Healthy,100,6,6,0,0.7,83
1783460032,4448,1,master,Syncing,27,6,6,0,2.1,92
1783460038,4448,2,master,Syncing,13,6,6,0,3.2,93
1783460038,4448,3,viewer,Syncing,5,6,6,0,1.0,71
1783460038,4448,4,viewer,Syncing,26,6,6,0,2.6,83
1783460038,4448,5,viewer,Syncing,25,6,6,0,2.4,88
1783460072,4492,0,master,Healthy,100,5,6,0,1.5,83
1783460072,4492,1,master,Syncing,27,5,6,0,3.8,90
1783460073,4492,2,master,Syncing,13,5,6,0,3.1,93
1783460073,4492,3,viewer,Syncing,5,5,6,0,2.7,72
1783460088,4492,5,viewer,Syncing,25,5,6,0,4.0,92
1783460119,4542,0,master,Healthy,100,5,6,0,1.2,83
1783460120,4542,1,master,Syncing,27,5,6,0,3.7,90
1783460121,4542,2,master,Syncing,13,5,6,0,1.7,93
1783460121,4542,3,viewer,Syncing,5,5,6,0,2.6,71
1783460121,4542,4,viewer,Syncing,27,5,6,0,3.0,83
1783460169,4590,0,master,Healthy,100,4,6,0,1.8,83
1783460184,4590,2,master,Syncing,13,4,6,0,1.5,93
1783460199,4590,4,viewer,Syncing,27,4,6,0,2.3,84
1783460199,4590,5,viewer,Syncing,27,4,6,0,2.3,90
1783460230,4653,0,master,Healthy,100,4,6,0,1.3,83
1783460262,4653,3,viewer,Syncing,6,5,6,0,0.7,67
1783460262,4653,4,viewer,Syncing,27,5,6,0,3.8,86
1783460262,4653,5,viewer,Syncing,27,5,6,0,3.9,90
1783460302,4716,0,master,Healthy,100,4,6,0,1.1,83
1783460304,4716,1,master,Syncing,28,4,6,0,2.2,91
1783460310,4716,2,master,Syncing,14,5,6,0,2.7,80
1783460310,4716,3,viewer,Syncing,6,5,6,0,1.2,68
1783460325,4716,5,viewer,Syncing,27,5,6,0,4.6,90
1783460357,4780,0,master,Healthy,100,6,6,0,2.1,83
1783460360,4780,1,master,Syncing,28,6,6,0,3.5,80
1783460360,4780,2,master,Syncing,14,6,6,0,4.1,85
1783460360,4780,3,viewer,Syncing,6,6,6,0,4.1,75
1783460360,4780,4,viewer,Syncing,27,6,6,0,3.5,78
1783460360,4780,5,viewer,Syncing,27,6,6,0,5.2,90
1783460401,4814,0,master,Healthy,100,6,6,0,2.1,83
1783460402,4814,1,master,Syncing,28,6,6,0,6.8,82
1783460403,4814,2,master,Syncing,14,6,6,0,6.9,87
1783460403,4814,3,viewer,Syncing,6,6,6,0,6.3,80
1783460403,4814,4,viewer,Syncing,27,6,6,0,5.2,79
1783460403,4814,5,viewer,Syncing,27,6,6,0,5.2,90
1783460434,4857,0,master,Healthy,100,6,6,0,1.1,83
1783460434,4857,1,master,Syncing,28,6,6,0,3.0,82
1783460434,4857,2,master,Syncing,14,6,6,0,3.6,87
1783460434,4857,3,viewer,Syncing,6,6,6,0,4.3,73
1783460434,4857,4,viewer,Syncing,27,6,6,0,4.9,79
1783460479,4902,0,master,Healthy,100,4,6,0,1.2,83
1783460479,4902,1,master,Syncing,28,4,6,0,2.7,82
1783460479,4902,2,master,Syncing,14,4,6,0,4.0,87
1783460479,4902,3,viewer,Syncing,6,4,6,0,2.0,75
1783460493,4902,4,viewer,Syncing,28,5,6,0,2.1,77
1783460499,4902,5,viewer,Syncing,28,6,6,0,2.2,89
1783460535,4953,0,master,Healthy,100,5,6,0,1.8,84
1783460543,4953,1,master,Syncing,28,5,6,0,10.8,85
1783460543,4953,2,master,Syncing,15,5,6,0,3.1,91
1783460558,4953,4,viewer,Syncing,28,5,6,0,6.6,84
1783460558,4953,5,viewer,Syncing,28,5,6,0,5.5,89
1783460589,5012,0,master,Healthy,100,5,6,0,3.2,84
1783460589,5012,1,master,Syncing,28,5,6,0,3.9,85
1783460589,5012,2,master,Syncing,15,5,6,0,7.5,91
1783460604,5012,4,viewer,Syncing,28,5,6,0,6.0,84
1783460604,5012,5,viewer,Syncing,28,5,6,0,4.9,89
1783460643,5057,0,master,Healthy,100,3,6,0,3.5,84
1783460657,5057,1,master,Syncing,28,5,6,0,2.1,85
1783460658,5057,2,master,Syncing,15,5,6,0,3.3,91
1783460660,5057,3,viewer,Syncing,7,6,6,0,0.8,70
1783460660,5057,4,viewer,Syncing,28,6,6,0,4.1,84
1783460660,5057,5,viewer,Syncing,28,6,6,0,4.2,89
1783460692,5113,0,master,Healthy,100,6,6,0,2.6,84
1783460692,5113,1,master,Syncing,28,6,6,0,3.6,85
1783460692,5113,2,master,Syncing,15,6,6,0,5.1,92
1783460692,5113,3,viewer,Syncing,7,6,6,0,4.6,90
1783460692,5113,4,viewer,Syncing,28,6,6,0,4.0,81
1783460692,5113,5,viewer,Syncing,28,6,6,0,6.1,89
1783460729,5150,0,master,Healthy,100,6,6,0,1.3,84
1783460729,5150,1,master,Syncing,28,6,6,0,1.9,85
1783460730,5150,2,master,Syncing,15,6,6,0,5.4,93
1783460731,5150,3,viewer,Syncing,7,6,6,0,7.1,79
1783460731,5150,4,viewer,Syncing,28,6,6,0,4.1,81
1783460731,5150,5,viewer,Syncing,28,6,6,0,4.1,89
1783460767,5185,0,master,Healthy,100,6,6,0,0.9,84
1783460769,5185,1,master,Syncing,28,6,6,0,2.5,85
1783460769,5185,2,master,Syncing,15,6,6,0,3.4,93
1783460769,5185,3,viewer,Syncing,7,6,6,0,3.2,76
1783460769,5185,4,viewer,Syncing,28,6,6,0,4.2,82
1783460769,5185,5,viewer,Syncing,28,6,6,0,3.2,89
1783460811,5223,0,master,Healthy,100,6,6,0,0.8,84
1783460812,5223,1,master,Syncing,28,6,6,0,2.9,86
1783460813,5223,2,master,Syncing,15,6,6,0,5.1,93
1783460813,5223,3,viewer,Syncing,7,6,6,0,3.4,85
1783460813,5223,4,viewer,Syncing,28,6,6,0,4.1,84
1783460813,5223,5,viewer,Syncing,28,6,6,0,6.1,89
1783460843,5267,0,master,Healthy,100,5,6,0,1.7,84
1783460848,5267,1,master,Syncing,28,5,6,0,4.3,86
1783460864,5267,3,viewer,Syncing,7,5,6,0,4.8,76
1783460876,5267,4,viewer,Syncing,28,4,6,0,5.9,85
1783460880,5267,5,viewer,Syncing,28,5,6,0,6.5,89
1783460923,5345,0,master,Healthy,100,6,6,0,1.9,84
1783460923,5345,1,master,Syncing,28,6,6,0,3.1,86
1783460925,5345,2,master,Syncing,16,6,6,0,1.8,93
1783460925,5345,3,viewer,Syncing,7,6,6,0,3.1,67
1783461005,5413,1,master,Syncing,28,4,6,0,4.8,86
1783461008,5413,2,master,Syncing,16,4,6,0,5.6,100
1783461008,5413,3,viewer,Syncing,7,4,6,0,5.2,68
1783461014,5413,4,viewer,Syncing,29,5,6,0,5.0,87
